Name,Control,Region,Locale,Admission Rate,ACT Median,SAT Average,Undergrad Population,% Nonresident Aliens,% Part-time Undergrads,Average Cost,Expenditure Per Student,Retention Rate (First Time Students),Median Debt on Graduation,Average Age of Entry,Average Family Income,Poverty Rate,Mean Earnings 8 years After Entry
American University,Private,Mid-Atlantic,Large City,0.4312,28,1258,6829,0.0688,0.0346,55159,12700,0.8821,23500,20.04999924,105560.77,5.340000153,55900
Appalachian State University,Public,Southeast,Distant Town,0.6323,26,1156,15840,0.0076,0.0516,17780,7361,0.8718,19526,20.68000031,78640.38,6.860000134,36100
Arizona State University-Tempe,Public,Southwest,Mid-size City,0.8023,25,1145,38480,0.0715,0.0943,21960,9080,0.844,20375,22.55999947,63334.02,7.710000038,46000
Auburn University,Public,Southeast,Small City,0.8274,27,1215,19761,0.0074,0.0902,23788,11324,0.8946,22250,20.32999992,88745.91,9.590000153,47100
Barnard College,Private,Mid-Atlantic,Large City,0.2053,30,1340,2486,0.0696,0.0105,59581,21351,0.9764,17493,19.23999977,105139.12,8.739999771,55100
Baylor University,Private,Southwest,Mid-size City,0.5747,27,1215,13221,0.0289,0.0142,51086,14046,0.8825,25281,19.79999924,93014.48,7.460000038,47700
Belmont University,Private,Southeast,Large City,0.7987,27,1193,5465,0.0082,0.0655,41450,8976,0.8333,23250,21.15999985,98697.97,6.179999828,42100
Bentley University,Private,New England,Small City,0.4379,28,1234,4172,0.1453,0.0218,54806,13149,0.9355,27000,19.65999985,105823.11,5.03000021,71600
Boston College,Private,New England,Small City,0.3222,32,1375,9465,0.052,0.0127,58639,18302,0.9484,19000,20.60000038,103787.15,5.929999828,78700
Boston University,Private,New England,Large City,0.4561,28,1279,16460,0.1586,0.0258,59036,27281,0.9279,27000,19.95000076,106244,5.769999981,60000
Bradley University,Private,Great Lakes,Mid-size City,0.6694,26,1163,4823,0.0085,0.0425,40330,14790,0.8808,27000,20.15999985,93987.58,5.179999828,49700
Brandeis University,Private,New England,Small City,0.3704,30,1347,3603,0.1482,0.0017,58850,14309,0.9303,27000,19.48999977,113024.02,5.699999809,54600
Brigham Young University-Provo,Private,Rocky Mountains,Mid-size City,0.4942,29,1277,27765,0.0323,0.0966,17174,13268,0.8461,11000,21.70000076,42156.62,8.039999962,55500
Brown University,Private,New England,Mid-size City,0.0918,32,1425,6182,0.1166,0.0057,58140,30823,0.9714,16000,19.78000069,103616.9,7.269999981,70400
Bucknell University,Private,Mid-Atlantic,Distant Town,0.2951,30,1306,3498,0.0529,0.0029,59090,19054,0.941,27000,19.42000008,121378.65,4.769999981,62200
Butler University,Private,Great Lakes,Large City,0.661,28,1212,3998,0.0225,0.0125,47010,12922,0.911,26600,20.09000015,109689.19,4.820000172,62400
California Polytechnic State University-San Luis Obispo,Public,Far West,Small Suburb,0.3123,28,1242,18664,0.0128,0.036,23867,9907,0.9249,19500,20.39999962,86747.55,7.159999847,60000
Calvin College,Private,Great Lakes,Mid-size City,0.6975,26,1183,3895,0.0986,0.0226,39013,13845,0.8741,26870,19.65999985,97807.66,5.46999979,41100
Carnegie Mellon University,Private,Mid-Atlantic,Large City,0.2549,32,1432,5834,0.1414,0.019,59710,24821,0.9422,25000,19.82999992,103727.25,5.909999847,90200
Case Western Reserve University,Private,Great Lakes,Large City,0.4188,31,1377,4551,0.0824,0.011,55783,31974,0.9424,25000,21.94000053,72928.28,6.449999809,74300
Cedarville University,Private,Great Lakes,Fringe Town,0.7401,27,1195,3108,0.0142,0.0209,33652,9988,0.852,25000,19.62999916,90859.17,5.449999809,39400
Chapman University,Private,Far West,Mid-size City,0.4471,27,1208,5940,0.038,0.0348,57020,13977,0.9073,20250,27.71999931,71813.4,8.31000042,49800
Christopher Newport University,Public,Southeast,Mid-size City,0.5902,26,1161,5083,0.0024,0.0238,24696,8747,0.8394,25000,19.70999908,100542.29,4.909999847,41900
Clark University,Private,New England,Mid-size City,0.6154,0,0,2312,0.1211,0.0216,47248,10780,0.8859,26000,20.62000084,88024.49,6.489999771,41500
Clarkson University,Private,Mid-Atlantic,Remote Town,0.6403,26,1187,3060,0.0252,0.0036,54772,13218,0.87,27000,19.55999947,89280.81,7.159999847,61900
Clemson University,Public,Southeast,Large Suburb,0.5787,29,1259,16801,0.0082,0.0481,27944,11711,0.9194,22388.5,20.06999969,97916.93,7.550000191,48500
Colgate University,Private,Mid-Atlantic,Distant Town,0.2638,31,1370,2872,0.0843,0.0003,57745,21634,0.9312,15625,19.29000092,110016.68,6.630000114,61700
College of Charleston,Public,Southeast,Mid-size City,0.7031,26,1165,10150,0.0078,0.0521,25086,8234,0.8262,22341,20.57999992,90152.6,7.679999828,39700
College of William and Mary,Public,Southeast,Small Suburb,0.3321,30,1358,6235,0.0419,0.0074,25938,13265,0.9562,20785.5,19.95999908,112915,4.800000191,57400
Colorado School of Mines,Public,Rocky Mountains,Large Suburb,0.3743,29,1298,4197,0.0434,0.0407,29091,13498,0.9189,26025,20.02000046,83465.13,5.170000076,78700
Columbia University in the City of New York,Private,Mid-Atlantic,Large City,0.0742,33,1471,7970,0.1368,0.0748,61540,78147,0.9734,19435,23.76000023,59265.49,8.779999733,92500
Cornell University,Private,Mid-Atlantic,Small City,0.1556,32,1422,14309,0.0939,0.0009,59572,23140,0.9677,12000,19.79999924,97334.41,6.489999771,84500
Creighton University,Private,Great Plains,Large City,0.7665,27,1214,3943,0.018,0.0388,46248,13789,0.9088,23750,20.80999947,101259.23,5.650000095,59300
CUNY Bernard M Baruch College,Public,Mid-Atlantic,Large City,0.2483,0,1225,13698,0.1217,0.2413,15112,7969,0.8762,11500,21.77000046,29059.07,17.48999977,54100
CUNY Hunter College,Public,Mid-Atlantic,Large City,0.2972,0,1160,15697,0.0657,0.2563,14478,8762,0.8669,10500,22.44000053,32945.53,16.98999977,43500
Dartmouth College,Private,New England,Remote Town,0.0978,32,1446,4154,0.084,0,61398,25268,0.979,11625,20.20000076,102621.61,6.800000191,88900
Denison University,Private,Great Lakes,Small Suburb,0.4597,29,1285,2255,0.0683,0.0009,54490,17853,0.8935,25000,19.40999985,120939.76,5.980000019,47300
DePaul University,Private,Great Lakes,Large City,0.5987,26,1163,16120,0.0265,0.1591,46375,11612,0.8536,24165.5,22.28000069,74671.61,7.139999866,49400
DePauw University,Private,Great Lakes,Distant Town,0.6121,27,1215,2272,0.1004,0.0013,51050,18330,0.9221,24500,19.48999977,107948.47,5.739999771,51500
Dickinson College,Private,Mid-Atlantic,Small City,0.4444,29,1285,2352,0.0723,0.0055,58149,17811,0.8985,21000,19.36000061,119315.61,6.039999962,53500
Drake University,Private,Great Plains,Mid-size City,0.6595,28,1240,3310,0.0695,0.0402,42477,9273,0.875,25000,20.27000046,97812.93,4.710000038,60300
Drexel University,Private,Mid-Atlantic,Large City,0.815,27,1197,16257,0.1273,0.1446,53831,13309,0.8644,26098,22.21999931,84469.63,6.46999979,64000
Drury University,Private,Great Plains,Mid-size City,0.8095,25,1146,4001,0.0387,0.2607,32556,6799,0.8444,23500,26.15999985,44503.69,10.21000004,32200
Duke University,Private,Southeast,Mid-size City,0.1342,32,1444,6501,0.0892,0.0009,59528,51653,0.972,6500,21.30999947,92670.02,6.349999905,96500
Elon University,Private,Southeast,Mid-size Suburb,0.5398,25,1200,5599,0.0177,0.0241,41679,14745,0.8989,24500,19.53000069,118353.3,4.829999924,47500
Emerson College,Private,New England,Large City,0.4798,28,1240,3720,0.0465,0.0142,51158,9283,0.8811,23312,19.67000008,108523.09,5.420000076,42600
Emory University,Private,Southeast,Large Suburb,0.2633,31,1363,7705,0.1508,0.0127,58180,33796,0.9438,19500,21.20000076,95403.45,6.059999943,72500
Florida Institute of Technology,Private,Southeast,Small City,0.6045,26,1153,3191,0.3027,0.0401,52490,10719,0.7974,26158,20.36000061,87401.79,6.179999828,54400
Florida International University,Public,Southeast,Large Suburb,0.4304,26,1154,38234,0.0472,0.3293,18426,6702,0.8354,17750,22.38999939,38171.07,11.60000038,44200
Florida State University,Public,Southeast,Mid-size City,0.5681,27,1212,32086,0.0104,0.1052,20774,8596,0.9171,21000,20.76000023,68162.48,8.899999619,44700
Fordham University,Private,Mid-Atlantic,Large City,0.4713,28,1258,8193,0.0555,0.0648,56604,13784,0.9051,25000,20.09000015,96092.62,9.079999924,54600
Franklin and Marshall College,Private,Mid-Atlantic,Small City,0.3931,0,0,2262,0.1295,0.0027,58518,18944,0.9182,25000,19.31999969,130432.83,5.260000229,52000
Furman University,Private,Southeast,Large Suburb,0.6397,28,1237,2777,0.0367,0.0382,55434,18804,0.8746,24736.5,19.88999939,111409.56,6.28000021,44100
George Mason University,Public,Southeast,Large Suburb,0.6203,26,1155,21324,0.0417,0.1934,22332,12122,0.8728,20250,22.03000069,72029.93,4.010000229,55500
George Washington University,Private,Mid-Atlantic,Large City,0.3308,29,1297,10121,0.0879,0.0589,58925,19705,0.9226,25175,20.29999924,105732.4,5.539999962,69400
Georgetown University,Private,Mid-Atlantic,Large City,0.1697,31,1398,7261,0.1073,0.0281,59900,29282,0.9598,17500,21.87000084,87179.34,6.539999962,100300
Georgia Institute of Technology-Main Campus,Public,Southeast,Large City,0.5493,30,1352,13975,0.1048,0.056,21980,13939,0.9552,22750,20.03000069,94533.48,6.269999981,69300
Gettysburg College,Private,Mid-Atlantic,Small City,0.4163,28,1282,2520,0.0246,0.0028,55770,15043,0.8817,22227,19.34000015,131825.39,4.550000191,51400
Gonzaga University,Private,Far West,Mid-size City,0.6651,27,1204,4830,0.0271,0.0104,46475,9687,0.9425,27000,20.57999992,102446.28,6.840000153,52500
Gustavus Adolphus College,Private,Great Plains,Fringe Town,0.6322,27,1224,2439,0.0353,0.009,48422,14254,0.9205,27000,19.44000053,108308.7,4.539999962,45800
Harvard University,Private,New England,Mid-size City,0.0584,34,1501,7278,0.1028,0.0503,57950,47083,0.9706,6000,23.64999962,60645.79,7.769999981,118700
Hofstra University,Private,Mid-Atlantic,Large Suburb,0.5871,26,1165,6748,0.0274,0.0574,49604,15989,0.7826,23900,20.42000008,90094.08,5.659999847,50700
Hope College,Private,Great Lakes,Small City,0.7253,27,1204,3296,0.0203,0.0249,38593,9281,0.8836,27000,19.45000076,107260.41,4.550000191,41400
Illinois Institute of Technology,Private,Great Lakes,Large City,0.5697,28,1252,2855,0.2452,0.0511,48940,12231,0.8596,26981.5,21.44000053,69130.16,6.590000153,70000
Indiana University-Bloomington,Public,Great Lakes,Small City,0.7217,27,1198,31984,0.1075,0.0336,23043,13471,0.8982,23628,20.26000023,92768.66,5.5,49000
Iowa State University,Public,Great Plains,Small City,0.8252,25,1145,27112,0.0732,0.0416,18820,9170,0.8713,25250,20.34000015,81434.68,5.449999809,47500
James Madison University,Public,Southeast,Small City,0.6356,25,1149,18127,0.0195,0.0344,21980,8099,0.9237,20683.5,19.67000008,108473.44,4.659999847,52300
Johns Hopkins University,Private,Mid-Atlantic,Large City,0.1813,32,1418,5932,0.1043,0.0158,58980,75570,0.9704,18500,22.92000008,83968.47,6.179999828,73800
Lafayette College,Private,Mid-Atlantic,Large Suburb,0.3414,29,1283,2452,0.06,0.0069,57688,20383,0.9126,24338,19.31999969,122599.26,5.199999809,69500
Lehigh University,Private,Mid-Atlantic,Small City,0.3084,30,1322,4904,0.0681,0.0126,55441,19955,0.9392,24750,19.32999992,125770.36,4.039999962,77100
LeTourneau University,Private,Southwest,Small City,0.4066,26,1175,2173,0.0456,0.3907,37031,7550,0.7673,29250,29.61000061,57117.48,8.93999958,51000
Lipscomb University,Private,Southeast,Large City,0.527,25,1149,2874,0.0216,0.1002,37181,10013,0.7672,22125,20.62000084,86133.94,6.579999924,38900
Louisiana State University and Agricultural & Mechanical College,Public,Southeast,Fringe Rural,0.7623,26,1162,23990,0.017,0.0535,20422,9914,0.8249,19500,20.54999924,70702.73,11.57999992,49500
Loyola Marymount University,Private,Far West,Large City,0.5412,27,1202,6087,0.0524,0.0276,55432,14921,0.9144,22299.5,20.12000084,101494.67,8.600000381,58000
Loyola University Chicago,Private,Great Lakes,Large City,0.914,27,1195,9931,0.03,0.0755,47727,11462,0.8541,25751,20.51000023,85748.31,6.300000191,50600
Loyola University Maryland,Private,Mid-Atlantic,Large City,0.58,27,1194,3972,0.0038,0.0083,56736,11584,0.8731,27000,19.36000061,134101.78,4.119999886,64000
Marquette University,Private,Great Lakes,Large City,0.5745,27,1217,8190,0.0348,0.0237,46649,9995,0.9071,27000,20.17000008,105199.44,5.170000076,57800
Massachusetts Institute of Technology,Private,New England,Mid-size City,0.0815,34,1503,4510,0.096,0.0055,57010,58223,0.9788,13645,21.01000023,95848.89,7.349999905,125100
Mercer University,Private,Southeast,Small City,0.69,26,1171,4304,0.0344,0.1622,46382,10646,0.8202,26000,26.63999939,65979.68,7.929999828,53700
Messiah College,Private,Mid-Atlantic,Large Suburb,0.659,26,1154,2739,0.0241,0.0142,41341,10251,0.8658,26856,19.54999924,99220.26,4.630000114,42400
Miami University-Oxford,Public,Great Lakes,Fringe Town,0.6676,28,1240,15378,0.0645,0.0277,30858,10056,0.8957,25000,21.12000084,94869.73,5.070000172,46200
Michigan State University,Public,Great Lakes,Small City,0.6865,26,1158,37622,0.1202,0.081,23740,14386,0.9051,25714,20.20000076,87289.4,6.099999905,51900
Michigan Technological University,Public,Great Lakes,Remote Town,0.7659,27,1206,5536,0.0569,0.0612,24724,11415,0.8219,27000,19.92000008,82033.18,5.980000019,56700
Middlebury College,Private,New England,Distant Town,0.1716,32,1391,2466,0.1022,0.0041,59200,23214,0.9515,19500,21.60000038,86276.38,6.599999905,60900
Milwaukee School of Engineering,Private,Great Lakes,Large City,0.6839,28,1244,2452,0.0816,0.0685,43747,10975,0.8285,27000,20.89999962,82875.91,5.179999828,59100
Missouri University of Science and Technology,Public,Great Plains,Remote Town,0.8215,28,1263,6064,0.0576,0.1039,22102,13510,0.8262,25000,20.45000076,76783.85,7.309999943,60800
Muhlenberg College,Private,Mid-Atlantic,Mid-size City,0.4616,28,1246,2357,0.0064,0.0297,53637,14525,0.9071,26941,20.62999916,125281.36,4.25,51700
New York University,Private,Mid-Atlantic,Large City,0.2605,30,1352,22172,0.1363,0.0492,60059,28606,0.925,23250,20.72999954,99964.68,7.400000095,64600
North Carolina State University at Raleigh,Public,Southeast,Large City,0.5001,28,1229,22977,0.0267,0.0717,20511,13831,0.9258,20500,20.54000092,76057.18,7.360000134,49900
Northeastern University,Private,New England,Large City,0.3231,32,1394,13204,0.1761,0,55914,13078,0.9553,28804.5,20.93000031,99407.61,5.690000057,60600
Northwestern University,Private,Great Lakes,Small City,0.1532,33,1458,8855,0.0688,0.0448,60729,34438,0.9769,19200,21.5,93582.8,6,78000
Oberlin College,Private,Great Lakes,Fringe Town,0.3041,30,1354,2894,0.0681,0.0135,59683,27620,0.9341,25217,19.36000061,112508.35,6.400000095,36700
Ohio Northern University,Private,Great Lakes,Fringe Town,0.6785,26,1153,2205,0.0449,0.0259,49618,12893,0.8429,27000,19.96999931,95686.34,5.739999771,69500
Ohio State University-Main Campus,Public,Great Lakes,Large City,0.5553,29,1289,43139,0.0743,0.0756,24524,16161,0.9245,22250,21.04000092,75442.68,6.510000229,43800
Pennsylvania State University-Main Campus,Public,Mid-Atlantic,Small City,0.542,27,1199,39460,0.0894,0.0232,31625,18073,0.9236,27000,20.87999916,81964.64,6.789999962,48100
Pepperdine University,Private,Far West,Large Suburb,0.3734,0,1235,3516,0.0876,0.0998,58772,11299,0.9174,27000,22.30999947,83597.93,6.900000095,65400
Princeton University,Private,Mid-Atlantic,Large Suburb,0.0741,33,1495,5234,0.1087,0,55430,48021,0.9757,6810,20.04000092,89090.02,6.769999981,101500
Providence College,Private,New England,Mid-size City,0.5979,26,1158,3969,0.0186,0.0448,56184,12232,0.9078,27000,19.87999916,120179.81,4.889999866,57700
Purdue University-Main Campus,Public,Great Lakes,Mid-size Suburb,0.6042,27,1211,30167,0.1636,0.0514,23109,15477,0.9059,23766,20.36000061,87549.24,5.239999771,53800
Rensselaer Polytechnic Institute,Private,Mid-Atlantic,Small City,0.412,29,1366,5379,0.0736,0.0004,59470,20550,0.9351,27835.5,19.71999931,102722.37,5.860000134,71900
Rice University,Private,Southwest,Large City,0.1674,33,1454,3920,0.1145,0.0135,52242,39651,0.9817,8413,20.45999908,91944.43,7.420000076,73200
Rochester Institute of Technology,Private,Mid-Atlantic,Large Suburb,0.6016,28,1232,12587,0.051,0.04,45772,16160,0.8691,27000,20.64999962,82498.77,6.539999962,56500
Rollins College,Private,Southeast,Large Suburb,0.5889,27,1199,2608,0.0648,0.0928,56309,12311,0.834,27000,23.03000069,74429.57,6.369999886,45600
Rose-Hulman Institute of Technology,Private,Great Lakes,Small City,0.5622,30,1310,2165,0.0924,0.0065,55413,20879,0.9123,27000,19.5,105688.73,5.480000019,72500
Rutgers University-New Brunswick,Public,Mid-Atlantic,Small City,0.5951,0,1210,33427,0.0378,0.0538,28011,14782,0.9093,22250,20.97999954,76131.15,6.019999981,55700
Saint Louis University,Private,Great Plains,Large City,0.6443,28,1237,7961,0.0764,0.1025,52413,16641,0.8683,25000,20.87000084,103272.02,6.179999828,52700
Samford University,Private,Southeast,Large Suburb,0.7697,26,1153,2995,0.0304,0.0504,38835,14054,0.8673,23236,21.02000046,92968.08,7.099999905,48900
Santa Clara University,Private,Far West,Mid-size City,0.5122,29,1294,5404,0.0298,0.0167,57213,10783,0.9498,20500,19.95000076,120161.97,5.46999979,69200
Seattle University,Private,Far West,Large City,0.7323,27,1175,4595,0.1032,0.0477,50610,15139,0.8602,25334,21.61000061,78227.76,6.420000076,52900
Skidmore College,Private,Mid-Atlantic,Small Suburb,0.3505,28,1247,2646,0.0676,0.0049,58562,19402,0.9304,20500,20.25,103433.96,7.170000076,46200
Smith College,Private,New England,Large Suburb,0.4308,0,0,2606,0.1316,0.0081,57913,25233,0.937,19500,20.79000092,87888.48,7.099999905,39700
South Dakota School of Mines and Technology,Public,Great Plains,Small City,0.8608,26,1183,2194,0.0201,0.1162,20234,10035,0.7886,27100,21.61000061,66137.5,8.609999657,51900
Southern Methodist University,Private,Southwest,Large Suburb,0.507,29,1302,6295,0.0667,0.0284,57947,15884,0.8891,22500,21.15999985,95228.81,6.380000114,59900
St Olaf College,Private,Great Plains,Distant Town,0.5919,29,1290,3079,0.0575,0.0026,50550,16054,0.9352,26531,19.44000053,118248.44,4.489999771,46000
Stanford University,Private,Far West,Large Suburb,0.0569,33,1466,6980,0.0809,0,58408,88200,0.9858,12224,21.61000061,83177.59,7.550000191,109200
Stetson University,Private,Southeast,Mid-size Suburb,0.5925,26,1168,2711,0.0443,0.0125,49939,11448,0.7806,27000,20.70999908,83620.71,6.789999962,40300
Stevens Institute of Technology,Private,Mid-Atlantic,Large Suburb,0.3816,30,1305,2662,0.0421,0.0004,59479,14918,0.9625,27000,19.54000092,99419.73,5.679999828,78600
Stony Brook University,Public,Mid-Atlantic,Large Suburb,0.3948,28,1253,15724,0.0984,0.0658,20611,18552,0.9009,20173,20.70000076,61963.11,9.020000458,51600
SUNY at Binghamton,Public,Mid-Atlantic,Mid-size Suburb,0.4287,29,1297,12940,0.1123,0.0303,21966,10953,0.9074,20500,20.30999947,75078.96,8.779999733,55900
SUNY College at Geneseo,Public,Mid-Atlantic,Distant Town,0.4566,28,1274,5463,0.0238,0.0207,21004,10011,0.9025,20500,19.81999969,89014.11,6.329999924,44500
Syracuse University,Private,Mid-Atlantic,Mid-size City,0.4949,26,1158,14738,0.0936,0.0368,55600,14915,0.919,27000,20.01000023,98994.29,7.550000191,54800
Texas A & M University-College Station,Public,Southwest,Small City,0.6947,26,1182,43931,0.013,0.1001,20819,13297,0.9143,19253,20.13999939,83346.84,9.359999657,56300
Texas Christian University,Private,Southwest,Large City,0.4739,27,1206,8597,0.0455,0.0335,48189,14422,0.9021,22500,20.54999924,103263.14,6.46999979,50700
The College of New Jersey,Public,Mid-Atlantic,Large Suburb,0.4311,0,1235,6446,0.0022,0.0213,28943,11117,0.9347,23196,19.88999939,103967.08,4.579999924,53500
The University of Alabama,Public,Southeast,Small City,0.5655,26,1171,28692,0.0278,0.0852,26717,9817,0.87,24000,20.77000046,74131.14,10.05000019,44700
The University of Tennessee-Knoxville,Public,Southeast,Mid-size City,0.7249,27,1199,20948,0.0151,0.0603,24746,20792,0.8563,20338.5,21.12000084,72817.34,8.279999733,48300
The University of Texas at Austin,Public,Southwest,Large City,0.4019,28,1262,39323,0.0465,0.0693,25176,16906,0.9363,22165,20.18000031,79614.32,9.010000229,58900
The University of Texas at Dallas,Public,Southwest,Mid-size City,0.5857,28,1262,13042,0.0432,0.185,22381,9848,0.8811,19500,23.36000061,54836.23,6.309999943,51200
Trinity College,Private,New England,Mid-size City,0.3178,27,1240,2239,0.0826,0.0447,59865,23403,0.9086,21500,20.31999969,117428.63,7.480000019,56000
Truman State University,Public,Great Plains,Remote Town,0.7219,28,1243,5482,0.0609,0.0308,19689,8626,0.874,21894,19.64999962,86263.68,6.099999905,41200
Tufts University,Private,New England,Large Suburb,0.1884,32,1428,5146,0.0814,0.0054,58752,21026,0.964,18125,21.42000008,86991.55,6.119999886,69000
Tulane University of Louisiana,Private,Southeast,Large City,0.2643,31,1341,8290,0.0303,0.2175,58904,21299,0.9049,27000,22.81999969,78916.25,9.210000038,63600
Union College,Private,Mid-Atlantic,Small City,0.3728,30,1313,2206,0.0607,0.0018,58023,20763,0.9171,26277.5,19.45999908,113355.39,6.5,59600
Union University,Private,Southeast,Small City,0.7412,26,1174,2565,0.014,0.1524,40415,9119,0.9382,23438,24.01000023,65098.48,8.920000076,44100
University at Buffalo,Public,Mid-Atlantic,Large Suburb,0.5652,26,1158,19365,0.1637,0.0812,20885,15151,0.8759,20100,20.78000069,68669.08,8.25,50600
University of Alabama at Birmingham,Public,Southeast,Mid-size City,0.8673,25,1146,11200,0.014,0.2579,19990,17208,0.8016,23117,22.67000008,49894.65,10.90999985,42100
University of Alabama in Huntsville,Public,Southeast,Mid-size City,0.8062,26,1180,5525,0.0329,0.2395,20306,9352,0.8098,24738,23.19000053,54155.4,9.369999886,45800
University of Arkansas,Public,Southeast,Small City,0.5858,26,1156,20776,0.0276,0.1117,19917,8349,0.821,21524,21.45999908,68151.74,9.56000042,43700
University of California-Berkeley,Public,Far West,Mid-size City,0.18,30,1350,25951,0.1313,0.0282,32715,18072,0.9637,14667,20.78000069,60121.12,8.56000042,62500
University of California-Davis,Public,Far West,Small Suburb,0.4521,26,1192,26483,0.0618,0.0267,31803,21365,0.9294,15000,20.51000023,59783.54,8.539999962,54800
University of California-Los Angeles,Public,Far West,Large City,0.2199,28,1289,28667,0.1176,0.0206,31474,38489,0.9626,15900,20.92000008,54271.79,10.07999992,60000
University of California-San Diego,Public,Far West,Large City,0.375,28,1276,23792,0.1181,0.0271,29751,22757,0.942,19266,20.20000076,58621.21,8.680000305,56800
University of California-Santa Barbara,Public,Far West,Mid-size Suburb,0.4444,27,1212,19362,0.0397,0.0148,31913,10571,0.9193,18057,20.04999924,70987.15,9.479999542,50300
University of Central Florida,Public,Southeast,Large Suburb,0.4894,26,1175,50919,0.0095,0.2911,19815,5403,0.8711,18500,22.14999962,54803.88,7.170000076,42900
University of Chicago,Private,Great Lakes,Large City,0.0881,34,1504,5697,0.0937,0.0128,62425,74864,0.9934,18625,21.80999947,75760.31,7.239999771,86100
University of Colorado Boulder,Public,Rocky Mountains,Small City,0.8771,27,1192,25461,0.0376,0.0655,27854,13949,0.8462,19500,20.63999939,96924.8,4.519999981,47900
University of Connecticut,Public,New England,Large Suburb,0.5366,28,1233,17684,0.0344,0.034,25786,20908,0.9392,21500,20.12000084,94914.09,4.960000038,54100
University of Dayton,Private,Great Lakes,Mid-size City,0.5297,27,1181,7812,0.0893,0.0475,46250,10823,0.8858,26863,19.75,122480.57,4.710000038,49600
University of Delaware,Public,Mid-Atlantic,Large Suburb,0.6468,27,1178,17729,0.0416,0.0498,21748,17186,0.9191,24126.5,19.69000053,111960.94,4.380000114,53300
University of Denver,Private,Rocky Mountains,Large City,0.7673,28,1231,5505,0.0885,0.0701,53614,14113,0.8678,24500,22.87000084,86015.75,5.28000021,53700
University of Evansville,Private,Great Lakes,Mid-size City,0.8409,26,1147,2373,0.0885,0.035,42674,10365,0.8571,26000,20.48999977,80378.71,6.389999866,41600
University of Florida,Public,Southeast,Mid-size City,0.4655,29,1272,32346,0.0105,0.0709,20456,15167,0.9646,15132.5,20.48999977,64142.77,8.729999542,54600
University of Georgia,Public,Southeast,Mid-size City,0.5608,28,1247,26120,0.0122,0.0561,21162,8478,0.9417,18700,21.19000053,84425.2,7.269999981,48800
University of Illinois at Urbana-Champaign,Public,Great Lakes,Small City,0.6239,29,1303,31663,0.1462,0.0169,28564,13674,0.9306,20950,19.67000008,93333.2,5.599999905,56900
University of Iowa,Public,Great Plains,Small City,0.8023,27,1208,21314,0.1,0.0944,21832,13911,0.8584,22500,20.95000076,83051.2,5.369999886,51300
University of Kansas,Public,Great Plains,Small City,0.9228,25,1145,18731,0.0521,0.099,21971,16874,0.799,20114,20.82999992,85281.02,5.239999771,47500
University of Maryland-Baltimore County,Public,Mid-Atlantic,Large Suburb,0.6315,27,1209,11012,0.0423,0.1381,22024,9852,0.8733,21500,21.37999916,73930.94,4.920000076,50700
University of Maryland-College Park,Public,Mid-Atlantic,Large Suburb,0.4699,0,1310,26045,0.0304,0.0632,22933,12725,0.9468,19500,20.31999969,91124.17,4.429999828,58700
University of Massachusetts-Amherst,Public,New England,Large Suburb,0.6294,27,1209,21672,0.0216,0.0594,25665,12988,0.893,24250,20.59000015,85910.2,5.599999905,46800
University of Miami,Private,Southeast,Large Suburb,0.4044,30,1332,11246,0.1344,0.0648,57700,28251,0.9134,21250,20.87000084,86177.73,7.820000172,60800
University of Michigan-Ann Arbor,Public,Great Lakes,Mid-size City,0.3326,30,1352,28077,0.0667,0.0302,25760,22051,0.9688,22000,20.87999916,87306.5,5.889999866,65900
University of Minnesota-Twin Cities,Public,Great Plains,Large City,0.4442,28,1270,30271,0.0873,0.0794,24278,13003,0.9022,21500,20.87000084,80969.01,5.320000172,49500
University of Missouri-Columbia,Public,Great Plains,Mid-size City,0.7861,26,1165,26585,0.0273,0.0533,22387,10752,0.8353,22500,20.28000069,89631.5,6.239999771,46700
University of Nebraska-Lincoln,Public,Great Plains,Large City,0.6404,25,1147,19376,0.0599,0.0658,21024,10583,0.8364,22500,20.28000069,81338.55,5.940000057,43000
University of North Carolina at Asheville,Public,Southeast,Small City,0.6403,26,1190,3323,0.0039,0.093,17468,9085,0.8025,20508,22.01000023,60962.62,7.940000057,32800
University of North Carolina at Chapel Hill,Public,Southeast,Small City,0.2759,30,1313,17882,0.0247,0.0203,23069,25891,0.9609,15906,20.62999916,80815.19,7.010000229,59700
University of North Carolina Wilmington,Public,Southeast,Mid-size City,0.5419,24,1154,12178,0.0069,0.0694,18165,7865,0.864,20624,21.12999916,75837.12,7.730000019,39100
University of Notre Dame,Private,Great Lakes,Large Suburb,0.223,33,1450,8466,0.0408,0.002,57805,26795,0.9861,21000,20.09000015,123618.48,5.760000229,76300
University of Oklahoma-Norman Campus,Public,Southwest,Mid-size Suburb,0.8044,26,1176,20528,0.0388,0.1524,23263,11985,0.8395,20000,22.03000069,66684.98,8.5,51800
University of Pennsylvania,Private,Mid-Atlantic,Large City,0.1224,32,1442,10606,0.1052,0.0437,59600,52081,0.9778,21500,22.21999931,87200.75,7.010000229,106600
University of Pittsburgh-Pittsburgh Campus,Public,Mid-Atlantic,Large City,0.5613,28,1258,18304,0.0333,0.0475,30410,16506,0.9087,26896.5,20.93000031,79347.41,6.889999866,51000
University of Portland,Private,Far West,Large City,0.668,0,1195,3468,0.0288,0.0167,51036,10427,0.9002,25000,20.42000008,98696.67,6.579999924,52400
University of Puerto Rico-Rio Piedras,Public,Outlying Areas,Large City,0.5248,0,1195,11834,0.0001,0.1032,8020,12517,0.8968,5500,19.54999924,25464.65,45.72999954,0
University of Puget Sound,Private,Far West,Mid-size City,0.8522,28,1233,2542,0.0028,0.0079,53785,17749,0.8669,23500,20.19000053,100805.53,6.150000095,46700
University of Richmond,Private,Southeast,Mid-size City,0.3116,30,1313,3107,0.0882,0.057,55980,18204,0.9373,19500,22.28000069,109334.2,4.789999962,61800
University of Rochester,Private,Mid-Atlantic,Mid-size City,0.3568,31,1353,6047,0.1507,0.0377,59156,29937,0.9605,26000,20.23999977,97862.81,6.260000229,59500
University of San Diego,Private,Far West,Large City,0.4885,28,1228,5573,0.0599,0.0257,56346,13166,0.9021,22500,20.85000038,97719.44,6.599999905,61800
University of San Francisco,Private,Far West,Large City,0.6129,25,1161,6308,0.1815,0.0371,55812,15041,0.8646,25000,22.20999908,90594.28,6.559999943,62000
University of South Carolina-Columbia,Public,Southeast,Mid-size City,0.606,27,1200,23987,0.0113,0.0658,23685,10384,0.8738,22500,20.89999962,76756.24,8.430000305,45600
University of South Florida-Main Campus,Public,Southeast,Large City,0.4524,26,1168,30376,0.0317,0.2283,19299,8322,0.8878,19735,22.48999977,52366.99,7.980000019,40600
University of Southern California,Private,Far West,Large City,0.1984,31,1380,18087,0.1209,0.0281,59787,42077,0.9599,22841.5,21.65999985,74599.85,8.75,74400
University of St Thomas,Private,Great Plains,Large City,0.8617,26,1165,6246,0.0293,0.0312,48421,12539,0.8755,26500,20.12000084,110915.07,4.050000191,52500
University of the Pacific,Private,Far West,Large City,0.7265,26,1172,3869,0.0538,0.0238,52406,17606,0.8656,23500,22.03000069,62103.51,9.18999958,75600
University of Tulsa,Private,Southwest,Large City,0.4059,29,1279,3394,0.2563,0.0359,46560,16047,0.9034,25000,21.12000084,79960.34,7.329999924,50700
University of Vermont,Public,New England,Small City,0.7755,27,1190,9970,0.0202,0.035,27788,16066,0.8577,21893.5,20.23999977,95378.54,5.409999847,44700
University of Virginia-Main Campus,Public,Southeast,Small City,0.2999,31,1362,15020,0.0565,0.0383,25255,16577,0.97,19500,20.37999916,100872.78,5.639999866,66300
University of Washington-Seattle Campus,Public,Far West,Large City,0.5523,28,1234,28754,0.1407,0.0605,24606,23645,0.9303,16326,22.63999939,55950.49,6.570000172,56400
University of Wisconsin-Madison,Public,Great Lakes,Mid-size City,0.6792,28,1268,29504,0.0725,0.0448,23718,14278,0.9517,23000,20.25,95485.12,4.840000153,57000
Valparaiso University,Private,Great Lakes,Large Suburb,0.7969,26,1158,3209,0.0826,0.0284,43185,10489,0.8636,27000,20.55999947,90375.63,5.079999924,45900
Vanderbilt University,Private,Southeast,Large City,0.1274,33,1475,6794,0.0578,0.0057,59890,76995,0.9732,13750,19.93000031,99004.36,6.650000095,70800
Vassar College,Private,Mid-Atlantic,Large Suburb,0.2411,32,1394,2436,0.0644,0.0057,59320,29148,0.9559,17545,19.39999962,115433.73,6.389999866,49200
Villanova University,Private,Mid-Atlantic,Large Suburb,0.489,30,1316,6856,0.0176,0.0462,56265,15426,0.9402,27000,20.02000046,130737.82,4.460000038,70500
Virginia Polytechnic Institute and State University,Public,Southeast,Small City,0.7028,0,1220,23928,0.0382,0.0204,25513,10476,0.9119,25000,19.70999908,104751.65,5.309999943,55900
Wake Forest University,Private,Southeast,Mid-size City,0.352,0,0,4812,0.0374,0.0125,58260,26136,0.9294,22810,19.37999916,124215.22,5.329999924,66100
Washington University in St Louis,Private,Great Plains,Large Suburb,0.1555,33,1474,6851,0.0775,0.0471,62594,97613,0.9642,20125,21.38999939,97020.72,6.170000076,69500
Wellesley College,Private,New England,Large Suburb,0.2911,31,1399,2347,0.1095,0.0055,57164,32790,0.9658,8225,19.87999916,91334.36,6.440000057,58000
Wesleyan University,Private,New England,Small City,0.2092,31,1387,2888,0.0828,0,61167,24442,0.9508,18633,19.37999916,106492.97,6.739999771,46300
Wheaton College,Private,Great Lakes,Large Suburb,0.6871,30,1318,2415,0.0186,0.0161,41394,14865,0.9447,23000,19.52000046,99339.64,4.840000153,43700
Yale University,Private,New England,Mid-size City,0.0705,34,1497,5422,0.1051,0.0011,59320,106214,0.9867,12000,22.29999924,73769.14,7.769999981,100000
Yeshiva University,Private,Mid-Atlantic,Large City,0.8216,26,1217,2887,0.0578,0.0364,53825,33021,0.929,19361,19.62000084,109592.47,8.220000267,59500
